행정코드,시도,행정구역,연월,value
0,전국,전체,'16.12월,51696216
11,서울특별시,전체,'16.12월,9930616
11110,서울특별시,종로구,'16.12월,152737
11140,서울특별시,중구,'16.12월,125249
11170,서울특별시,용산구,'16.12월,230241
11200,서울특별시,성동구,'16.12월,299259
11215,서울특별시,광진구,'16.12월,357215
11230,서울특별시,동대문구,'16.12월,355069
11260,서울특별시,중랑구,'16.12월,411005
11290,서울특별시,성북구,'16.12월,450355
11305,서울특별시,강북구,'16.12월,327195
11320,서울특별시,도봉구,'16.12월,348220
11350,서울특별시,노원구,'16.12월,567581
11380,서울특별시,은평구,'16.12월,491476
11410,서울특별시,서대문구,'16.12월,314194
11440,서울특별시,마포구,'16.12월,379892
11470,서울특별시,양천구,'16.12월,477739
11500,서울특별시,강서구,'16.12월,595485
11530,서울특별시,구로구,'16.12월,417551
11545,서울특별시,금천구,'16.12월,235386
11560,서울특별시,영등포구,'16.12월,370613
11590,서울특별시,동작구,'16.12월,400997
11620,서울특별시,관악구,'16.12월,506851
11650,서울특별시,서초구,'16.12월,447192
11680,서울특별시,강남구,'16.12월,567115
11710,서울특별시,송파구,'16.12월,657831
11740,서울특별시,강동구,'16.12월,444168
26,부산광역시,전체,'16.12월,3498529
26110,부산광역시,중구,'16.12월,45208
26140,부산광역시,서구,'16.12월,112973
26170,부산광역시,동구,'16.12월,89826
26200,부산광역시,영도구,'16.12월,126362
26230,부산광역시,부산진구,'16.12월,376526
26260,부산광역시,동래구,'16.12월,272745
26290,부산광역시,남구,'16.12월,278779
26320,부산광역시,북구,'16.12월,310202
26350,부산광역시,해운대구,'16.12월,419853
26380,부산광역시,사하구,'16.12월,334603
26410,부산광역시,금정구,'16.12월,244624
26440,부산광역시,강서구,'16.12월,108909
26470,부산광역시,연제구,'16.12월,207268
26500,부산광역시,수영구,'16.12월,179324
26530,부산광역시,사상구,'16.12월,232800
26710,부산광역시,기장군,'16.12월,158527
27,대구광역시,전체,'16.12월,2484557
27110,대구광역시,중구,'16.12월,79712
27140,대구광역시,동구,'16.12월,351352
27170,대구광역시,서구,'16.12월,199507
27200,대구광역시,남구,'16.12월,156433
27230,대구광역시,북구,'16.12월,440383
27260,대구광역시,수성구,'16.12월,447011
27290,대구광역시,달서구,'16.12월,591891
27710,대구광역시,달성군,'16.12월,218268
28,인천광역시,전체,'16.12월,2943069
28110,인천광역시,중구,'16.12월,115249
28140,인천광역시,동구,'16.12월,71014
28170,인천광역시,미추홀구,'16.12월,417103
28185,인천광역시,연수구,'16.12월,328627
28200,인천광역시,남동구,'16.12월,530982
28237,인천광역시,부평구,'16.12월,549716
28245,인천광역시,계양구,'16.12월,330284
28260,인천광역시,서구,'16.12월,510733
28710,인천광역시,강화군,'16.12월,68010
28720,인천광역시,옹진군,'16.12월,21351
29,광주광역시,전체,'16.12월,1469214
29110,광주광역시,동구,'16.12월,95791
29140,광주광역시,서구,'16.12월,309579
29155,광주광역시,남구,'16.12월,219729
29170,광주광역시,북구,'16.12월,441066
29200,광주광역시,광산구,'16.12월,403049
30,대전광역시,전체,'16.12월,1514370
30110,대전광역시,동구,'16.12월,234959
30140,대전광역시,중구,'16.12월,252490
30170,대전광역시,서구,'16.12월,491011
30200,대전광역시,유성구,'16.12월,343222
30230,대전광역시,대덕구,'16.12월,192688
31,울산광역시,전체,'16.12월,1172304
31110,울산광역시,중구,'16.12월,242536
31140,울산광역시,남구,'16.12월,340714
31170,울산광역시,동구,'16.12월,174514
31200,울산광역시,북구,'16.12월,195285
31710,울산광역시,울주군,'16.12월,219255
36,세종특별자치시,전체,'16.12월,243048
41,경기도,전체,'16.12월,12716780
41110,경기도,수원시,'16.12월,1194041
41111,경기도,장안구,'16.12월,296479
41113,경기도,권선구,'16.12월,358393
41115,경기도,팔달구,'16.12월,198515
41117,경기도,영통구,'16.12월,340654
41130,경기도,성남시,'16.12월,974580
41131,경기도,수정구,'16.12월,232841
41133,경기도,중원구,'16.12월,237909
41135,경기도,분당구,'16.12월,503830
41150,경기도,의정부시,'16.12월,438457
41170,경기도,안양시,'16.12월,597414
41171,경기도,만안구,'16.12월,252353
41173,경기도,동안구,'16.12월,345061
41190,경기도,부천시,'16.12월,851380
41210,경기도,광명시,'16.12월,339484
41220,경기도,평택시,'16.12월,470832
41250,경기도,동두천시,'16.12월,98277
41270,경기도,안산시,'16.12월,689859
41271,경기도,상록구,'16.12월,375857
41273,경기도,단원구,'16.12월,314002
41280,경기도,고양시,'16.12월,1039684
41281,경기도,덕양구,'16.12월,446233
41285,경기도,일산동구,'16.12월,292612
41287,경기도,일산서구,'16.12월,300839
41290,경기도,과천시,'16.12월,63778
41310,경기도,구리시,'16.12월,193763
41360,경기도,남양주시,'16.12월,662154
41370,경기도,오산시,'16.12월,208656
41390,경기도,시흥시,'16.12월,402888
41410,경기도,군포시,'16.12월,284890
41430,경기도,의왕시,'16.12월,156763
41450,경기도,하남시,'16.12월,211101
41460,경기도,용인시,'16.12월,991126
41461,경기도,처인구,'16.12월,226130
41463,경기도,기흥구,'16.12월,417163
41465,경기도,수지구,'16.12월,347833
41480,경기도,파주시,'16.12월,430781
41500,경기도,이천시,'16.12월,210359
41550,경기도,안성시,'16.12월,182896
41570,경기도,김포시,'16.12월,363443
41590,경기도,화성시,'16.12월,640890
41610,경기도,광주시,'16.12월,327723
41630,경기도,양주시,'16.12월,205513
41650,경기도,포천시,'16.12월,154763
41670,경기도,여주시,'16.12월,111563
41800,경기도,연천군,'16.12월,45907
41820,경기도,가평군,'16.12월,62448
41830,경기도,양평군,'16.12월,111367
42,강원도,전체,'16.12월,1550806
42110,강원도,춘천시,'16.12월,280707
42130,강원도,원주시,'16.12월,337979
42150,강원도,강릉시,'16.12월,213846
42170,강원도,동해시,'16.12월,93297
42190,강원도,태백시,'16.12월,47070
42210,강원도,속초시,'16.12월,81793
42230,강원도,삼척시,'16.12월,69599
42720,강원도,홍천군,'16.12월,70076
42730,강원도,횡성군,'16.12월,45991
42750,강원도,영월군,'16.12월,40073
42760,강원도,평창군,'16.12월,43318
42770,강원도,정선군,'16.12월,38718
42780,강원도,철원군,'16.12월,48013
42790,강원도,화천군,'16.12월,26264
42800,강원도,양구군,'16.12월,24010
42810,강원도,인제군,'16.12월,32720
42820,강원도,고성군,'16.12월,30114
42830,강원도,양양군,'16.12월,27218
43,충청북도,전체,'16.12월,1591625
43110,충청북도,청주시,'16.12월,835197
43111,충청북도,상당구,'16.12월,173701
43112,충청북도,서원구,'16.12월,217120
43113,충청북도,흥덕구,'16.12월,253563
43114,충청북도,청원구,'16.12월,190813
43130,충청북도,충주시,'16.12월,208350
43150,충청북도,제천시,'16.12월,136517
43720,충청북도,보은군,'16.12월,34221
43730,충청북도,옥천군,'16.12월,52267
43740,충청북도,영동군,'16.12월,50552
43745,충청북도,증평군,'16.12월,37308
43750,충청북도,진천군,'16.12월,69950
43760,충청북도,괴산군,'16.12월,38973
43770,충청북도,음성군,'16.12월,97787
43800,충청북도,단양군,'16.12월,30503
44,충청남도,전체,'16.12월,2096727
44130,충청남도,천안시,'16.12월,617955
44131,충청남도,동남구,'16.12월,258919
44133,충청남도,서북구,'16.12월,359036
44150,충청남도,공주시,'16.12월,109931
44180,충청남도,보령시,'16.12월,103873
44200,충청남도,아산시,'16.12월,302929
44210,충청남도,서산시,'16.12월,170788
44230,충청남도,논산시,'16.12월,123213
44250,충청남도,계룡시,'16.12월,42634
44270,충청남도,당진시,'16.12월,166630
44710,충청남도,금산군,'16.12월,54612
44760,충청남도,부여군,'16.12월,70187
44770,충청남도,서천군,'16.12월,56012
44790,충청남도,청양군,'16.12월,32753
44800,충청남도,홍성군,'16.12월,99971
44810,충청남도,예산군,'16.12월,81339
44825,충청남도,태안군,'16.12월,63900
45,전라북도,전체,'16.12월,1864791
45110,전라북도,전주시,'16.12월,651744
45111,전라북도,완산구,'16.12월,361845
45113,전라북도,덕진구,'16.12월,289899
45130,전라북도,군산시,'16.12월,277551
45140,전라북도,익산시,'16.12월,300479
45180,전라북도,정읍시,'16.12월,115173
45190,전라북도,남원시,'16.12월,84188
45210,전라북도,김제시,'16.12월,87782
45710,전라북도,완주군,'16.12월,95480
45720,전라북도,진안군,'16.12월,26069
45730,전라북도,무주군,'16.12월,24949
45740,전라북도,장수군,'16.12월,23628
45750,전라북도,임실군,'16.12월,30197
45770,전라북도,순창군,'16.12월,29949
45790,전라북도,고창군,'16.12월,60597
45800,전라북도,부안군,'16.12월,57005
46,전라남도,전체,'16.12월,1903914
46110,전라남도,목포시,'16.12월,237739
46130,전라남도,여수시,'16.12월,288988
46150,전라남도,순천시,'16.12월,278548
46170,전라남도,나주시,'16.12월,104376
46230,전라남도,광양시,'16.12월,155580
46710,전라남도,담양군,'16.12월,47229
46720,전라남도,곡성군,'16.12월,30400
46730,전라남도,구례군,'16.12월,27412
46770,전라남도,고흥군,'16.12월,67656
46780,전라남도,보성군,'16.12월,44469
46790,전라남도,화순군,'16.12월,65303
46800,전라남도,장흥군,'16.12월,40669
46810,전라남도,강진군,'16.12월,37753
46820,전라남도,해남군,'16.12월,75121
46830,전라남도,영암군,'16.12월,57045
46840,전라남도,무안군,'16.12월,82109
46860,전라남도,함평군,'16.12월,34397
46870,전라남도,영광군,'16.12월,55618
46880,전라남도,장성군,'16.12월,46104
46890,전라남도,완도군,'16.12월,52668
46900,전라남도,진도군,'16.12월,32078
46910,전라남도,신안군,'16.12월,42652
47,경상북도,전체,'16.12월,2700398
47110,경상북도,포항시,'16.12월,516775
47111,경상북도,남구,'16.12월,244748
47113,경상북도,북구,'16.12월,272027
47130,경상북도,경주시,'16.12월,259452
47150,경상북도,김천시,'16.12월,142256
47170,경상북도,안동시,'16.12월,168798
47190,경상북도,구미시,'16.12월,419891
47210,경상북도,영주시,'16.12월,109247
47230,경상북도,영천시,'16.12월,100521
47250,경상북도,상주시,'16.12월,101799
47280,경상북도,문경시,'16.12월,74702
47290,경상북도,경산시,'16.12월,258037
47720,경상북도,군위군,'16.12월,24171
47730,경상북도,의성군,'16.12월,54014
47750,경상북도,청송군,'16.12월,26301
47760,경상북도,영양군,'16.12월,17713
47770,경상북도,영덕군,'16.12월,39052
47820,경상북도,청도군,'16.12월,43564
47830,경상북도,고령군,'16.12월,34257
47840,경상북도,성주군,'16.12월,45205
47850,경상북도,칠곡군,'16.12월,123199
47900,경상북도,예천군,'16.12월,46166
47920,경상북도,봉화군,'16.12월,33539
47930,경상북도,울진군,'16.12월,51738
47940,경상북도,울릉군,'16.12월,10001
48,경상남도,전체,'16.12월,3373871
48120,경상남도,창원시,'16.12월,1063907
48121,경상남도,의창구,'16.12월,252435
48123,경상남도,성산구,'16.12월,231571
48125,경상남도,마산합포구,'16.12월,181797
48127,경상남도,마산회원구,'16.12월,210791
48129,경상남도,진해구,'16.12월,187313
48170,경상남도,진주시,'16.12월,346739
48220,경상남도,통영시,'16.12월,138160
48240,경상남도,사천시,'16.12월,114912
48250,경상남도,김해시,'16.12월,529422
48270,경상남도,밀양시,'16.12월,108354
48310,경상남도,거제시,'16.12월,257183
48330,경상남도,양산시,'16.12월,317037
48720,경상남도,의령군,'16.12월,28111
48730,경상남도,함안군,'16.12월,68937
48740,경상남도,창녕군,'16.12월,63982
48820,경상남도,고성군,'16.12월,54703
48840,경상남도,남해군,'16.12월,45129
48850,경상남도,하동군,'16.12월,49622
48860,경상남도,산청군,'16.12월,36098
48870,경상남도,함양군,'16.12월,40241
48880,경상남도,거창군,'16.12월,63308
48890,경상남도,합천군,'16.12월,48026
50,제주특별자치도,전체,'16.12월,641597
50110,제주특별자치도,제주시,'16.12월,470665
50130,제주특별자치도,서귀포시,'16.12월,170932
0,전국,전체,'17.12월,51778544
11,서울특별시,전체,'17.12월,9857426
11110,서울특별시,종로구,'17.12월,154770
11140,서울특별시,중구,'17.12월,125709
11170,서울특별시,용산구,'17.12월,229161
11200,서울특별시,성동구,'17.12월,304808
11215,서울특별시,광진구,'17.12월,357703
11230,서울특별시,동대문구,'17.12월,350647
11260,서울특별시,중랑구,'17.12월,408226
11290,서울특별시,성북구,'17.12월,444055
11305,서울특별시,강북구,'17.12월,324479
11320,서울특별시,도봉구,'17.12월,344166
11350,서울특별시,노원구,'17.12월,554403
11380,서울특별시,은평구,'17.12월,486794
11410,서울특별시,서대문구,'17.12월,312800
11440,서울특별시,마포구,'17.12월,374915
11470,서울특별시,양천구,'17.12월,471154
11500,서울특별시,강서구,'17.12월,601691
11530,서울특별시,구로구,'17.12월,410742
11545,서울특별시,금천구,'17.12월,235154
11560,서울특별시,영등포구,'17.12월,368550
11590,서울특별시,동작구,'17.12월,396217
11620,서울특별시,관악구,'17.12월,503297
11650,서울특별시,서초구,'17.12월,441102
11680,서울특별시,강남구,'17.12월,556164
11710,서울특별시,송파구,'17.12월,664496
11740,서울특별시,강동구,'17.12월,436223
26,부산광역시,전체,'17.12월,3470653
26110,부산광역시,중구,'17.12월,44218
26140,부산광역시,서구,'17.12월,110039
26170,부산광역시,동구,'17.12월,88868
26200,부산광역시,영도구,'17.12월,123521
26230,부산광역시,부산진구,'17.12월,371703
26260,부산광역시,동래구,'17.12월,270727
26290,부산광역시,남구,'17.12월,273854
26320,부산광역시,북구,'17.12월,302924
26350,부산광역시,해운대구,'17.12월,412039
26380,부산광역시,사하구,'17.12월,333301
26410,부산광역시,금정구,'17.12월,244469
26440,부산광역시,강서구,'17.12월,117382
26470,부산광역시,연제구,'17.12월,206742
26500,부산광역시,수영구,'17.12월,179996
26530,부산광역시,사상구,'17.12월,229219
26710,부산광역시,기장군,'17.12월,161651
27,대구광역시,전체,'17.12월,2475231
27110,대구광역시,중구,'17.12월,78986
27140,대구광역시,동구,'17.12월,349379
27170,대구광역시,서구,'17.12월,191992
27200,대구광역시,남구,'17.12월,152845
27230,대구광역시,북구,'17.12월,441375
27260,대구광역시,수성구,'17.12월,439211
27290,대구광역시,달서구,'17.12월,578068
27710,대구광역시,달성군,'17.12월,243375
28,인천광역시,전체,'17.12월,2948542
28110,인천광역시,중구,'17.12월,117999
28140,인천광역시,동구,'17.12월,69487
28170,인천광역시,미추홀구,'17.12월,419267
28185,인천광역시,연수구,'17.12월,335142
28200,인천광역시,남동구,'17.12월,536578
28237,인천광역시,부평구,'17.12월,539941
28245,인천광역시,계양구,'17.12월,323784
28260,인천광역시,서구,'17.12월,516017
28710,인천광역시,강화군,'17.12월,68754
28720,인천광역시,옹진군,'17.12월,21573
29,광주광역시,전체,'17.12월,1463770
29110,광주광역시,동구,'17.12월,95448
29140,광주광역시,서구,'17.12월,306957
29155,광주광역시,남구,'17.12월,218454
29170,광주광역시,북구,'17.12월,438780
29200,광주광역시,광산구,'17.12월,404131
30,대전광역시,전체,'17.12월,1502227
30110,대전광역시,동구,'17.12월,230516
30140,대전광역시,중구,'17.12월,248933
30170,대전광역시,서구,'17.12월,487448
30200,대전광역시,유성구,'17.12월,348428
30230,대전광역시,대덕구,'17.12월,186902
31,울산광역시,전체,'17.12월,1165132
31110,울산광역시,중구,'17.12월,238652
31140,울산광역시,남구,'17.12월,335439
31170,울산광역시,동구,'17.12월,169605
31200,울산광역시,북구,'17.12월,200718
31710,울산광역시,울주군,'17.12월,220718
36,세종특별자치시,전체,'17.12월,280100
41,경기도,전체,'17.12월,12873895
41110,경기도,수원시,'17.12월,1202628
41111,경기도,장안구,'17.12월,293828
41113,경기도,권선구,'17.12월,365653
41115,경기도,팔달구,'17.12월,193311
41117,경기도,영통구,'17.12월,349836
41130,경기도,성남시,'17.12월,967510
41131,경기도,수정구,'17.12월,236932
41133,경기도,중원구,'17.12월,230366
41135,경기도,분당구,'17.12월,500212
41150,경기도,의정부시,'17.12월,441584
41170,경기도,안양시,'17.12월,587764
41171,경기도,만안구,'17.12월,254977
41173,경기도,동안구,'17.12월,332787
41190,경기도,부천시,'17.12월,850329
41210,경기도,광명시,'17.12월,332790
41220,경기도,평택시,'17.12월,481530
41250,경기도,동두천시,'17.12월,97071
41270,경기도,안산시,'17.12월,677710
41271,경기도,상록구,'17.12월,370744
41273,경기도,단원구,'17.12월,306966
41280,경기도,고양시,'17.12월,1041983
41281,경기도,덕양구,'17.12월,448684
41285,경기도,일산동구,'17.12월,293673
41287,경기도,일산서구,'17.12월,299626
41290,경기도,과천시,'17.12월,57527
41310,경기도,구리시,'17.12월,200042
41360,경기도,남양주시,'17.12월,665321
41370,경기도,오산시,'17.12월,213437
41390,경기도,시흥시,'17.12월,419664
41410,경기도,군포시,'17.12월,281205
41430,경기도,의왕시,'17.12월,155767
41450,경기도,하남시,'17.12월,232487
41460,경기도,용인시,'17.12월,1004081
41461,경기도,처인구,'17.12월,231553
41463,경기도,기흥구,'17.12월,419429
41465,경기도,수지구,'17.12월,353099
41480,경기도,파주시,'17.12월,437848
41500,경기도,이천시,'17.12월,213142
41550,경기도,안성시,'17.12월,182786
41570,경기도,김포시,'17.12월,392092
41590,경기도,화성시,'17.12월,691086
41610,경기도,광주시,'17.12월,345947
41630,경기도,양주시,'17.12월,212146
41650,경기도,포천시,'17.12월,152925
41670,경기도,여주시,'17.12월,111984
41800,경기도,연천군,'17.12월,45431
41820,경기도,가평군,'17.12월,62973
41830,경기도,양평군,'17.12월,115105
42,강원도,전체,'17.12월,1550142
42110,강원도,춘천시,'17.12월,280514
42130,강원도,원주시,'17.12월,341337
42150,강원도,강릉시,'17.12월,213952
42170,강원도,동해시,'17.12월,92851
42190,강원도,태백시,'17.12월,45888
42210,강원도,속초시,'17.12월,82273
42230,강원도,삼척시,'17.12월,68514
42720,강원도,홍천군,'17.12월,70340
42730,강원도,횡성군,'17.12월,46281
42750,강원도,영월군,'17.12월,40067
42760,강원도,평창군,'17.12월,43092
42770,강원도,정선군,'17.12월,38173
42780,강원도,철원군,'17.12월,47185
42790,강원도,화천군,'17.12월,26022
42800,강원도,양구군,'17.12월,23835
42810,강원도,인제군,'17.12월,32582
42820,강원도,고성군,'17.12월,30029
42830,강원도,양양군,'17.12월,27207
43,충청북도,전체,'17.12월,1594432
43110,충청북도,청주시,'17.12월,835590
43111,충청북도,상당구,'17.12월,171129
43112,충청북도,서원구,'17.12월,216782
43113,충청북도,흥덕구,'17.12월,253912
43114,충청북도,청원구,'17.12월,193767
43130,충청북도,충주시,'17.12월,208316
43150,충청북도,제천시,'17.12월,136432
43720,충청북도,보은군,'17.12월,34053
43730,충청북도,옥천군,'17.12월,51766
43740,충청북도,영동군,'17.12월,50240
43745,충청북도,증평군,'17.12월,37783
43750,충청북도,진천군,'17.12월,73677
43760,충청북도,괴산군,'17.12월,39054
43770,충청북도,음성군,'17.12월,97306
43800,충청북도,단양군,'17.12월,30215
44,충청남도,전체,'17.12월,2116770
44130,충청남도,천안시,'17.12월,631531
44131,충청남도,동남구,'17.12월,255878
44133,충청남도,서북구,'17.12월,375653
44150,충청남도,공주시,'17.12월,108432
44180,충청남도,보령시,'17.12월,103198
44200,충청남도,아산시,'17.12월,311453
44210,충청남도,서산시,'17.12월,171678
44230,충청남도,논산시,'17.12월,122240
44250,충청남도,계룡시,'17.12월,43967
44270,충청남도,당진시,'17.12월,167439
44710,충청남도,금산군,'17.12월,53894
44760,충청남도,부여군,'17.12월,69086
44770,충청남도,서천군,'17.12월,55175
44790,충청남도,청양군,'17.12월,32837
44800,충청남도,홍성군,'17.12월,101570
44810,충청남도,예산군,'17.12월,80338
44825,충청남도,태안군,'17.12월,63932
45,전라북도,전체,'17.12월,1854607
45110,전라북도,전주시,'17.12월,648964
45111,전라북도,완산구,'17.12월,359012
45113,전라북도,덕진구,'17.12월,289952
45130,전라북도,군산시,'17.12월,274997
45140,전라북도,익산시,'17.12월,300187
45180,전라북도,정읍시,'17.12월,113776
45190,전라북도,남원시,'17.12월,83281
45210,전라북도,김제시,'17.12월,86926
45710,전라북도,완주군,'17.12월,95975
45720,전라북도,진안군,'17.12월,26271
45730,전라북도,무주군,'17.12월,24809
45740,전라북도,장수군,'17.12월,23003
45750,전라북도,임실군,'17.12월,30162
45770,전라북도,순창군,'17.12월,29698
45790,전라북도,고창군,'17.12월,60472
45800,전라북도,부안군,'17.12월,56086
46,전라남도,전체,'17.12월,1896424
46110,전라남도,목포시,'17.12월,234379
46130,전라남도,여수시,'17.12월,286382
46150,전라남도,순천시,'17.12월,279331
46170,전라남도,나주시,'17.12월,110110
46230,전라남도,광양시,'17.12월,155857
46710,전라남도,담양군,'17.12월,47285
46720,전라남도,곡성군,'17.12월,30131
46730,전라남도,구례군,'17.12월,27525
46770,전라남도,고흥군,'17.12월,66736
46780,전라남도,보성군,'17.12월,43755
46790,전라남도,화순군,'17.12월,64680
46800,전라남도,장흥군,'17.12월,40136
46810,전라남도,강진군,'17.12월,36868
46820,전라남도,해남군,'17.12월,73604
46830,전라남도,영암군,'17.12월,55616
46840,전라남도,무안군,'17.12월,82872
46860,전라남도,함평군,'17.12월,34328
46870,전라남도,영광군,'17.12월,54774
46880,전라남도,장성군,'17.12월,46111
46890,전라남도,완도군,'17.12월,52109
46900,전라남도,진도군,'17.12월,31765
46910,전라남도,신안군,'17.12월,42070
47,경상북도,전체,'17.12월,2691706
47110,경상북도,포항시,'17.12월,513832
47111,경상북도,남구,'17.12월,242469
47113,경상북도,북구,'17.12월,271363
47130,경상북도,경주시,'17.12월,257903
47150,경상북도,김천시,'17.12월,142908
47170,경상북도,안동시,'17.12월,166272
47190,경상북도,구미시,'17.12월,421799
47210,경상북도,영주시,'17.12월,108371
47230,경상북도,영천시,'17.12월,100615
47250,경상북도,상주시,'17.12월,100947
47280,경상북도,문경시,'17.12월,73294
47290,경상북도,경산시,'17.12월,259485
47720,경상북도,군위군,'17.12월,24215
47730,경상북도,의성군,'17.12월,53474
47750,경상북도,청송군,'17.12월,26006
47760,경상북도,영양군,'17.12월,17479
47770,경상북도,영덕군,'17.12월,38529
47820,경상북도,청도군,'17.12월,43346
47830,경상북도,고령군,'17.12월,33768
47840,경상북도,성주군,'17.12월,45138
47850,경상북도,칠곡군,'17.12월,120864
47900,경상북도,예천군,'17.12월,49253
47920,경상북도,봉화군,'17.12월,33259
47930,경상북도,울진군,'17.12월,50974
47940,경상북도,울릉군,'17.12월,9975
48,경상남도,전체,'17.12월,3380404
48120,경상남도,창원시,'17.12월,1057032
48121,경상남도,의창구,'17.12월,253349
48123,경상남도,성산구,'17.12월,227942
48125,경상남도,마산합포구,'17.12월,181917
48127,경상남도,마산회원구,'17.12월,203926
48129,경상남도,진해구,'17.12월,189898
48170,경상남도,진주시,'17.12월,346681
48220,경상남도,통영시,'17.12월,135833
48240,경상남도,사천시,'17.12월,114252
48250,경상남도,김해시,'17.12월,532132
48270,경상남도,밀양시,'17.12월,107898
48310,경상남도,거제시,'17.12월,254073
48330,경상남도,양산시,'17.12월,338535
48720,경상남도,의령군,'17.12월,27849
48730,경상남도,함안군,'17.12월,68207
48740,경상남도,창녕군,'17.12월,64101
48820,경상남도,고성군,'17.12월,54060
48840,경상남도,남해군,'17.12월,44642
48850,경상남도,하동군,'17.12월,48831
48860,경상남도,산청군,'17.12월,36340
48870,경상남도,함양군,'17.12월,40175
48880,경상남도,거창군,'17.12월,62763
48890,경상남도,합천군,'17.12월,47000
50,제주특별자치도,전체,'17.12월,657083
50110,제주특별자치도,제주시,'17.12월,478700
50130,제주특별자치도,서귀포시,'17.12월,178383
0,전국,전체,'18.12월,51826059
11,서울특별시,전체,'18.12월,9765623
11110,서울특별시,종로구,'18.12월,153065
11140,서울특별시,중구,'18.12월,125725
11170,서울특별시,용산구,'18.12월,228999
11200,서울특별시,성동구,'18.12월,308221
11215,서울특별시,광진구,'18.12월,355559
11230,서울특별시,동대문구,'18.12월,348052
11260,서울특별시,중랑구,'18.12월,403209
11290,서울특별시,성북구,'18.12월,435868
11305,서울특별시,강북구,'18.12월,319164
11320,서울특별시,도봉구,'18.12월,339413
11350,서울특별시,노원구,'18.12월,543752
11380,서울특별시,은평구,'18.12월,483197
11410,서울특별시,서대문구,'18.12월,310313
11440,서울특별시,마포구,'18.12월,375077
11470,서울특별시,양천구,'18.12월,464185
11500,서울특별시,강서구,'18.12월,596949
11530,서울특별시,구로구,'18.12월,404497
11545,서울특별시,금천구,'18.12월,233917
11560,서울특별시,영등포구,'18.12월,367778
11590,서울특별시,동작구,'18.12월,396203
11620,서울특별시,관악구,'18.12월,501957
11650,서울특별시,서초구,'18.12월,433951
11680,서울특별시,강남구,'18.12월,542364
11710,서울특별시,송파구,'18.12월,666635
11740,서울특별시,강동구,'18.12월,427573
26,부산광역시,전체,'18.12월,3441453
26110,부산광역시,중구,'18.12월,42795
26140,부산광역시,서구,'18.12월,110534
26170,부산광역시,동구,'18.12월,86912
26200,부산광역시,영도구,'18.12월,120109
26230,부산광역시,부산진구,'18.12월,362357
26260,부산광역시,동래구,'18.12월,266515
26290,부산광역시,남구,'18.12월,279917
26320,부산광역시,북구,'18.12월,296952
26350,부산광역시,해운대구,'18.12월,409347
26380,부산광역시,사하구,'18.12월,327791
26410,부산광역시,금정구,'18.12월,242956
26440,부산광역시,강서구,'18.12월,122957
26470,부산광역시,연제구,'18.12월,207840
26500,부산광역시,수영구,'18.12월,176246
26530,부산광역시,사상구,'18.12월,223361
26710,부산광역시,기장군,'18.12월,164864
27,대구광역시,전체,'18.12월,2461769
27110,대구광역시,중구,'18.12월,79401
27140,대구광역시,동구,'18.12월,351291
27170,대구광역시,서구,'18.12월,184372
27200,대구광역시,남구,'18.12월,150501
27230,대구광역시,북구,'18.12월,439489
27260,대구광역시,수성구,'18.12월,432759
27290,대구광역시,달서구,'18.12월,573413
27710,대구광역시,달성군,'18.12월,250543
28,인천광역시,전체,'18.12월,2954642
28110,인천광역시,중구,'18.12월,122499
28140,인천광역시,동구,'18.12월,66233
28177,인천광역시,미추홀구,'18.12월,416542
28185,인천광역시,연수구,'18.12월,346359
28200,인천광역시,남동구,'18.12월,537161
28237,인천광역시,부평구,'18.12월,524640
28245,인천광역시,계양구,'18.12월,312680
28260,인천광역시,서구,'18.12월,538596
28710,인천광역시,강화군,'18.12월,68896
28720,인천광역시,옹진군,'18.12월,21036
29,광주광역시,전체,'18.12월,1459336
29110,광주광역시,동구,'18.12월,94475
29140,광주광역시,서구,'18.12월,304172
29155,광주광역시,남구,'18.12월,216369
29170,광주광역시,북구,'18.12월,439773
29200,광주광역시,광산구,'18.12월,404547
30,대전광역시,전체,'18.12월,1489936
30110,대전광역시,동구,'18.12월,229071
30140,대전광역시,중구,'18.12월,244421
30170,대전광역시,서구,'18.12월,484663
30200,대전광역시,유성구,'18.12월,349790
30230,대전광역시,대덕구,'18.12월,181991
31,울산광역시,전체,'18.12월,1155623
31110,울산광역시,중구,'18.12월,231973
31140,울산광역시,남구,'18.12월,330732
31170,울산광역시,동구,'18.12월,164642
31200,울산광역시,북구,'18.12월,206434
31710,울산광역시,울주군,'18.12월,221842
36,세종특별자치시,전체,'18.12월,314126
41,경기도,전체,'18.12월,13077153
41110,경기도,수원시,'18.12월,1201166
41111,경기도,장안구,'18.12월,286433
41113,경기도,권선구,'18.12월,377647
41115,경기도,팔달구,'18.12월,180974
41117,경기도,영통구,'18.12월,356112
41130,경기도,성남시,'18.12월,954347
41131,경기도,수정구,'18.12월,234133
41133,경기도,중원구,'18.12월,224885
41135,경기도,분당구,'18.12월,495329
41150,경기도,의정부시,'18.12월,447026
41170,경기도,안양시,'18.12월,576831
41171,경기도,만안구,'18.12월,251512
41173,경기도,동안구,'18.12월,325319
41190,경기도,부천시,'18.12월,843768
41210,경기도,광명시,'18.12월,326841
41220,경기도,평택시,'18.12월,495642
41250,경기도,동두천시,'18.12월,96226
41270,경기도,안산시,'18.12월,660343
41271,경기도,상록구,'18.12월,356311
41273,경기도,단원구,'18.12월,304032
41280,경기도,고양시,'18.12월,1044189
41281,경기도,덕양구,'18.12월,450449
41285,경기도,일산동구,'18.12월,296223
41287,경기도,일산서구,'18.12월,297517
41290,경기도,과천시,'18.12월,58142
41310,경기도,구리시,'18.12월,203553
41360,경기도,남양주시,'18.12월,681828
41370,경기도,오산시,'18.12월,220070
41390,경기도,시흥시,'18.12월,448687
41410,경기도,군포시,'18.12월,276916
41430,경기도,의왕시,'18.12월,153932
41450,경기도,하남시,'18.12월,254415
41460,경기도,용인시,'18.12월,1035126
41461,경기도,처인구,'18.12월,249118
41463,경기도,기흥구,'18.12월,427719
41465,경기도,수지구,'18.12월,358289
41480,경기도,파주시,'18.12월,451848
41500,경기도,이천시,'18.12월,214206
41550,경기도,안성시,'18.12월,183579
41570,경기도,김포시,'18.12월,423170
41590,경기도,화성시,'18.12월,758722
41610,경기도,광주시,'18.12월,363782
41630,경기도,양주시,'18.12월,216951
41650,경기도,포천시,'18.12월,150676
41670,경기도,여주시,'18.12월,111525
41800,경기도,연천군,'18.12월,44633
41820,경기도,가평군,'18.12월,62918
41830,경기도,양평군,'18.12월,116095
42,강원도,전체,'18.12월,1543052
42110,강원도,춘천시,'18.12월,280640
42130,강원도,원주시,'18.12월,344070
42150,강원도,강릉시,'18.12월,212957
42170,강원도,동해시,'18.12월,91272
42190,강원도,태백시,'18.12월,44858
42210,강원도,속초시,'18.12월,81682
42230,강원도,삼척시,'18.12월,68326
42720,강원도,홍천군,'18.12월,69949
42730,강원도,횡성군,'18.12월,46726
42750,강원도,영월군,'18.12월,39730
42760,강원도,평창군,'18.12월,42610
42770,강원도,정선군,'18.12월,37700
42780,강원도,철원군,'18.12월,46413
42790,강원도,화천군,'18.12월,25084
42800,강원도,양구군,'18.12월,23408
42810,강원도,인제군,'18.12월,32136
42820,강원도,고성군,'18.12월,28144
42830,강원도,양양군,'18.12월,27347
43,충청북도,전체,'18.12월,1599252
43110,충청북도,청주시,'18.12월,837749
43111,충청북도,상당구,'18.12월,176818
43112,충청북도,서원구,'18.12월,209404
43113,충청북도,흥덕구,'18.12월,254302
43114,충청북도,청원구,'18.12월,197225
43130,충청북도,충주시,'18.12월,210504
43150,충청북도,제천시,'18.12월,135386
43720,충청북도,보은군,'18.12월,33680
43730,충청북도,옥천군,'18.12월,51465
43740,충청북도,영동군,'18.12월,49715
43745,충청북도,증평군,'18.12월,37317
43750,충청북도,진천군,'18.12월,78218
43760,충청북도,괴산군,'18.12월,39133
43770,충청북도,음성군,'18.12월,95830
43800,충청북도,단양군,'18.12월,30255
44,충청남도,전체,'18.12월,2126282
44130,충청남도,천안시,'18.12월,646075
44131,충청남도,동남구,'18.12월,257978
44133,충청남도,서북구,'18.12월,388097
44150,충청남도,공주시,'18.12월,107581
44180,충청남도,보령시,'18.12월,101990
44200,충청남도,아산시,'18.12월,312822
44210,충청남도,서산시,'18.12월,174162
44230,충청남도,논산시,'18.12월,120230
44250,충청남도,계룡시,'18.12월,43731
44270,충청남도,당진시,'18.12월,167770
44710,충청남도,금산군,'18.12월,53222
44760,충청남도,부여군,'18.12월,68078
44770,충청남도,서천군,'18.12월,53922
44790,충청남도,청양군,'18.12월,32296
44800,충청남도,홍성군,'18.12월,101082
44810,충청남도,예산군,'18.12월,80083
44825,충청남도,태안군,'18.12월,63238
45,전라북도,전체,'18.12월,1836832
45110,전라북도,전주시,'18.12월,651091
45111,전라북도,완산구,'18.12월,345065
45113,전라북도,덕진구,'18.12월,306026
45130,전라북도,군산시,'18.12월,272645
45140,전라북도,익산시,'18.12월,294062
45180,전라북도,정읍시,'18.12월,112169
45190,전라북도,남원시,'18.12월,82554
45210,전라북도,김제시,'18.12월,85331
45710,전라북도,완주군,'18.12월,94444
45720,전라북도,진안군,'18.12월,25963
45730,전라북도,무주군,'18.12월,24589
45740,전라북도,장수군,'18.12월,23221
45750,전라북도,임실군,'18.12월,30072
45770,전라북도,순창군,'18.12월,29209
45790,전라북도,고창군,'18.12월,57041
45800,전라북도,부안군,'18.12월,54441
46,전라남도,전체,'18.12월,1882970
46110,전라남도,목포시,'18.12월,232327
46130,전라남도,여수시,'18.12월,283300
46150,전라남도,순천시,'18.12월,279389
46170,전라남도,나주시,'18.12월,113839
46230,전라남도,광양시,'18.12월,156564
46710,전라남도,담양군,'18.12월,46917
46720,전라남도,곡성군,'18.12월,29624
46730,전라남도,구례군,'18.12월,27117
46770,전라남도,고흥군,'18.12월,65777
46780,전라남도,보성군,'18.12월,42803
46790,전라남도,화순군,'18.12월,63933
46800,전라남도,장흥군,'18.12월,39312
46810,전라남도,강진군,'18.12월,36144
46820,전라남도,해남군,'18.12월,71901
46830,전라남도,영암군,'18.12월,54731
46840,전라남도,무안군,'18.12월,81991
46860,전라남도,함평군,'18.12월,33420
46870,전라남도,영광군,'18.12월,54127
46880,전라남도,장성군,'18.12월,45795
46890,전라남도,완도군,'18.12월,51477
46900,전라남도,진도군,'18.12월,31219
46910,전라남도,신안군,'18.12월,41263
47,경상북도,전체,'18.12월,2676831
47110,경상북도,포항시,'18.12월,510013
47111,경상북도,남구,'18.12월,239400
47113,경상북도,북구,'18.12월,270613
47130,경상북도,경주시,'18.12월,256864
47150,경상북도,김천시,'18.12월,141104
47170,경상북도,안동시,'18.12월,162180
47190,경상북도,구미시,'18.12월,421494
47210,경상북도,영주시,'18.12월,106801
47230,경상북도,영천시,'18.12월,101595
47250,경상북도,상주시,'18.12월,100297
47280,경상북도,문경시,'18.12월,71874
47290,경상북도,경산시,'18.12월,261093
47720,경상북도,군위군,'18.12월,23919
47730,경상북도,의성군,'18.12월,52944
47750,경상북도,청송군,'18.12월,25678
47760,경상북도,영양군,'18.12월,17356
47770,경상북도,영덕군,'18.12월,38108
47820,경상북도,청도군,'18.12월,43057
47830,경상북도,고령군,'18.12월,32969
47840,경상북도,성주군,'18.12월,44672
47850,경상북도,칠곡군,'18.12월,118828
47900,경상북도,예천군,'18.12월,53274
47920,경상북도,봉화군,'18.12월,32843
47930,경상북도,울진군,'18.12월,50036
47940,경상북도,울릉군,'18.12월,9832
48,경상남도,전체,'18.12월,3373988
48120,경상남도,창원시,'18.12월,1053601
48121,경상남도,의창구,'18.12월,252896
48123,경상남도,성산구,'18.12월,227337
48125,경상남도,마산합포구,'18.12월,180535
48127,경상남도,마산회원구,'18.12월,199457
48129,경상남도,진해구,'18.12월,193376
48170,경상남도,진주시,'18.12월,345987
48220,경상남도,통영시,'18.12월,133720
48240,경상남도,사천시,'18.12월,113888
48250,경상남도,김해시,'18.12월,533672
48270,경상남도,밀양시,'18.12월,106744
48310,경상남도,거제시,'18.12월,250516
48330,경상남도,양산시,'18.12월,348639
48720,경상남도,의령군,'18.12월,27667
48730,경상남도,함안군,'18.12월,67025
48740,경상남도,창녕군,'18.12월,63396
48820,경상남도,고성군,'18.12월,53243
48840,경상남도,남해군,'18.12월,43990
48850,경상남도,하동군,'18.12월,47533
48860,경상남도,산청군,'18.12월,35952
48870,경상남도,함양군,'18.12월,40044
48880,경상남도,거창군,'18.12월,62455
48890,경상남도,합천군,'18.12월,45916
50,제주특별자치도,전체,'18.12월,667191
50110,제주특별자치도,제주시,'18.12월,485946
50130,제주특별자치도,서귀포시,'18.12월,181245
0,전국,전체,'19.12월,51849861
11,서울특별시,전체,'19.12월,9729107
11110,서울특별시,종로구,'19.12월,151290
11140,서울특별시,중구,'19.12월,126171
11170,서울특별시,용산구,'19.12월,228670
11200,서울특별시,성동구,'19.12월,300889
11215,서울특별시,광진구,'19.12월,351350
11230,서울특별시,동대문구,'19.12월,346194
11260,서울특별시,중랑구,'19.12월,397015
11290,서울특별시,성북구,'19.12월,442650
11305,서울특별시,강북구,'19.12월,313954
11320,서울특별시,도봉구,'19.12월,333362
11350,서울특별시,노원구,'19.12월,532905
11380,서울특별시,은평구,'19.12월,480032
11410,서울특별시,서대문구,'19.12월,309397
11440,서울특별시,마포구,'19.12월,374035
11470,서울특별시,양천구,'19.12월,458165
11500,서울특별시,강서구,'19.12월,591796
11530,서울특별시,구로구,'19.12월,406664
11545,서울특별시,금천구,'19.12월,232810
11560,서울특별시,영등포구,'19.12월,367678
11590,서울특별시,동작구,'19.12월,395963
11620,서울특별시,관악구,'19.12월,500094
11650,서울특별시,서초구,'19.12월,430826
11680,서울특별시,강남구,'19.12월,545169
11710,서울특별시,송파구,'19.12월,675961
11740,서울특별시,강동구,'19.12월,436067
26,부산광역시,전체,'19.12월,3413841
26110,부산광역시,중구,'19.12월,41910
26140,부산광역시,서구,'19.12월,108229
26170,부산광역시,동구,'19.12월,88165
26200,부산광역시,영도구,'19.12월,116711
26230,부산광역시,부산진구,'19.12월,357880
26260,부산광역시,동래구,'19.12월,271247
26290,부산광역시,남구,'19.12월,274480
26320,부산광역시,북구,'19.12월,291132
26350,부산광역시,해운대구,'19.12월,406102
26380,부산광역시,사하구,'19.12월,321004
26410,부산광역시,금정구,'19.12월,239062
26440,부산광역시,강서구,'19.12월,129566
26470,부산광역시,연제구,'19.12월,209395
26500,부산광역시,수영구,'19.12월,176148
26530,부산광역시,사상구,'19.12월,218094
26710,부산광역시,기장군,'19.12월,164716
27,대구광역시,전체,'19.12월,2438031
27110,대구광역시,중구,'19.12월,77421
27140,대구광역시,동구,'19.12월,345469
27170,대구광역시,서구,'19.12월,175277
27200,대구광역시,남구,'19.12월,148113
27230,대구광역시,북구,'19.12월,437710
27260,대구광역시,수성구,'19.12월,428614
27290,대구광역시,달서구,'19.12월,568887
27710,대구광역시,달성군,'19.12월,256540
28,인천광역시,전체,'19.12월,2957026
28110,인천광역시,중구,'19.12월,135135
28140,인천광역시,동구,'19.12월,64427
28177,인천광역시,미추홀구,'19.12월,408862
28185,인천광역시,연수구,'19.12월,366550
28200,인천광역시,남동구,'19.12월,532704
28237,인천광역시,부평구,'19.12월,511577
28245,인천광역시,계양구,'19.12월,303471
28260,인천광역시,서구,'19.12월,544556
28710,인천광역시,강화군,'19.12월,69178
28720,인천광역시,옹진군,'19.12월,20566
29,광주광역시,전체,'19.12월,1456468
29110,광주광역시,동구,'19.12월,98585
29140,광주광역시,서구,'19.12월,300975
29155,광주광역시,남구,'19.12월,218060
29170,광주광역시,북구,'19.12월,433533
29200,광주광역시,광산구,'19.12월,405315
30,대전광역시,전체,'19.12월,1474870
30110,대전광역시,동구,'19.12월,226771
30140,대전광역시,중구,'19.12월,240473
30170,대전광역시,서구,'19.12월,481222
30200,대전광역시,유성구,'19.12월,349373
30230,대전광역시,대덕구,'19.12월,177031
31,울산광역시,전체,'19.12월,1148019
31110,울산광역시,중구,'19.12월,223581
31140,울산광역시,남구,'19.12월,323819
31170,울산광역시,동구,'19.12월,159656
31200,울산광역시,북구,'19.12월,217796
31710,울산광역시,울주군,'19.12월,223167
36,세종특별자치시,전체,'19.12월,340575
41,경기도,전체,'19.12월,13239666
41110,경기도,수원시,'19.12월,1194465
41111,경기도,장안구,'19.12월,278377
41113,경기도,권선구,'19.12월,371754
41115,경기도,팔달구,'19.12월,175866
41117,경기도,영통구,'19.12월,368468
41130,경기도,성남시,'19.12월,942724
41131,경기도,수정구,'19.12월,234678
41133,경기도,중원구,'19.12월,220041
41135,경기도,분당구,'19.12월,488005
41150,경기도,의정부시,'19.12월,451868
41170,경기도,안양시,'19.12월,567044
41171,경기도,만안구,'19.12월,244235
41173,경기도,동안구,'19.12월,322809
41190,경기도,부천시,'19.12월,829996
41210,경기도,광명시,'19.12월,316552
41220,경기도,평택시,'19.12월,513027
41250,경기도,동두천시,'19.12월,94768
41270,경기도,안산시,'19.12월,650918
41271,경기도,상록구,'19.12월,344613
41273,경기도,단원구,'19.12월,306305
41280,경기도,고양시,'19.12월,1066351
41281,경기도,덕양구,'19.12월,466157
41285,경기도,일산동구,'19.12월,297671
41287,경기도,일산서구,'19.12월,302523
41290,경기도,과천시,'19.12월,58289
41310,경기도,구리시,'19.12월,199265
41360,경기도,남양주시,'19.12월,701830
41370,경기도,오산시,'19.12월,226379
41390,경기도,시흥시,'19.12월,473682
41410,경기도,군포시,'19.12월,275852
41430,경기도,의왕시,'19.12월,161153
41450,경기도,하남시,'19.12월,272455
41460,경기도,용인시,'19.12월,1059609
41461,경기도,처인구,'19.12월,253896
41463,경기도,기흥구,'19.12월,436679
41465,경기도,수지구,'19.12월,369034
41480,경기도,파주시,'19.12월,454040
41500,경기도,이천시,'19.12월,215834
41550,경기도,안성시,'19.12월,183405
41570,경기도,김포시,'19.12월,437221
41590,경기도,화성시,'19.12월,815396
41610,경기도,광주시,'19.12월,372654
41630,경기도,양주시,'19.12월,222314
41650,경기도,포천시,'19.12월,148379
41670,경기도,여주시,'19.12월,111083
41800,경기도,연천군,'19.12월,43824
41820,경기도,가평군,'19.12월,62415
41830,경기도,양평군,'19.12월,116874
42,강원도,전체,'19.12월,1541502
42110,강원도,춘천시,'19.12월,281291
42130,강원도,원주시,'19.12월,349215
42150,강원도,강릉시,'19.12월,213442
42170,강원도,동해시,'19.12월,90522
42190,강원도,태백시,'19.12월,43866
42210,강원도,속초시,'19.12월,81786
42230,강원도,삼척시,'19.12월,67228
42720,강원도,홍천군,'19.12월,69150
42730,강원도,횡성군,'19.12월,46575
42750,강원도,영월군,'19.12월,39127
42760,강원도,평창군,'19.12월,42106
42770,강원도,정선군,'19.12월,37271
42780,강원도,철원군,'19.12월,45584
42790,강원도,화천군,'19.12월,24917
42800,강원도,양구군,'19.12월,22764
42810,강원도,인제군,'19.12월,31672
42820,강원도,고성군,'19.12월,27260
42830,강원도,양양군,'19.12월,27726
43,충청북도,전체,'19.12월,1600007
43110,충청북도,청주시,'19.12월,839566
43111,충청북도,상당구,'19.12월,178352
43112,충청북도,서원구,'19.12월,203209
43113,충청북도,흥덕구,'19.12월,262137
43114,충청북도,청원구,'19.12월,195868
43130,충청북도,충주시,'19.12월,210737
43150,충청북도,제천시,'19.12월,134617
43720,충청북도,보은군,'19.12월,32949
43730,충청북도,옥천군,'19.12월,51023
43740,충청북도,영동군,'19.12월,48738
43745,충청북도,증평군,'19.12월,37392
43750,충청북도,진천군,'19.12월,81084
43760,충청북도,괴산군,'19.12월,39163
43770,충청북도,음성군,'19.12월,94982
43800,충청북도,단양군,'19.12월,29756
44,충청남도,전체,'19.12월,2123709
44130,충청남도,천안시,'19.12월,652258
44131,충청남도,동남구,'19.12월,259411
44133,충청남도,서북구,'19.12월,392847
44150,충청남도,공주시,'19.12월,106474
44180,충청남도,보령시,'19.12월,101114
44200,충청남도,아산시,'19.12월,314395
44210,충청남도,서산시,'19.12월,174690
44230,충청남도,논산시,'19.12월,118842
44250,충청남도,계룡시,'19.12월,42971
44270,충청남도,당진시,'19.12월,167042
44710,충청남도,금산군,'19.12월,52257
44760,충청남도,부여군,'19.12월,66740
44770,충청남도,서천군,'19.12월,52805
44790,충청남도,청양군,'19.12월,31717
44800,충청남도,홍성군,'19.12월,100423
44810,충청남도,예산군,'19.12월,79238
44825,충청남도,태안군,'19.12월,62743
45,전라북도,전체,'19.12월,1818917
45110,전라북도,전주시,'19.12월,654394
45111,전라북도,완산구,'19.12월,338839
45113,전라북도,덕진구,'19.12월,315555
45130,전라북도,군산시,'19.12월,270131
45140,전라북도,익산시,'19.12월,287771
45180,전라북도,정읍시,'19.12월,110541
45190,전라북도,남원시,'19.12월,81441
45210,전라북도,김제시,'19.12월,83895
45710,전라북도,완주군,'19.12월,92220
45720,전라북도,진안군,'19.12월,25697
45730,전라북도,무주군,'19.12월,24303
45740,전라북도,장수군,'19.12월,22441
45750,전라북도,임실군,'19.12월,28902
45770,전라북도,순창군,'19.12월,28382
45790,전라북도,고창군,'19.12월,55504
45800,전라북도,부안군,'19.12월,53295
46,전라남도,전체,'19.12월,1868745
46110,전라남도,목포시,'19.12월,229861
46130,전라남도,여수시,'19.12월,282786
46150,전라남도,순천시,'19.12월,279598
46170,전라남도,나주시,'19.12월,114664
46230,전라남도,광양시,'19.12월,156750
46710,전라남도,담양군,'19.12월,46535
46720,전라남도,곡성군,'19.12월,28887
46730,전라남도,구례군,'19.12월,26563
46770,전라남도,고흥군,'19.12월,64913
46780,전라남도,보성군,'19.12월,41420
46790,전라남도,화순군,'19.12월,62737
46800,전라남도,장흥군,'19.12월,38563
46810,전라남도,강진군,'19.12월,35286
46820,전라남도,해남군,'19.12월,70354
46830,전라남도,영암군,'19.12월,54593
46840,전라남도,무안군,'19.12월,81105
46860,전라남도,함평군,'19.12월,32861
46870,전라남도,영광군,'19.12월,53852
46880,전라남도,장성군,'19.12월,45739
46890,전라남도,완도군,'19.12월,50689
46900,전라남도,진도군,'19.12월,30715
46910,전라남도,신안군,'19.12월,40274
47,경상북도,전체,'19.12월,2665836
47110,경상북도,포항시,'19.12월,507025
47111,경상북도,남구,'19.12월,235633
47113,경상북도,북구,'19.12월,271392
47130,경상북도,경주시,'19.12월,255402
47150,경상북도,김천시,'19.12월,141229
47170,경상북도,안동시,'19.12월,160052
47190,경상북도,구미시,'19.12월,419742
47210,경상북도,영주시,'19.12월,105067
47230,경상북도,영천시,'19.12월,102470
47250,경상북도,상주시,'19.12월,100688
47280,경상북도,문경시,'19.12월,72242
47290,경상북도,경산시,'19.12월,263185
47720,경상북도,군위군,'19.12월,23843
47730,경상북도,의성군,'19.12월,52595
47750,경상북도,청송군,'19.12월,25416
47760,경상북도,영양군,'19.12월,16993
47770,경상북도,영덕군,'19.12월,37361
47820,경상북도,청도군,'19.12월,42910
47830,경상북도,고령군,'19.12월,32373
47840,경상북도,성주군,'19.12월,44015
47850,경상북도,칠곡군,'19.12월,117047
47900,경상북도,예천군,'19.12월,55100
47920,경상북도,봉화군,'19.12월,32150
47930,경상북도,울진군,'19.12월,49314
47940,경상북도,울릉군,'19.12월,9617
48,경상남도,전체,'19.12월,3362553
48120,경상남도,창원시,'19.12월,1044740
48121,경상남도,의창구,'19.12월,258582
48123,경상남도,성산구,'19.12월,220945
48125,경상남도,마산합포구,'19.12월,177784
48127,경상남도,마산회원구,'19.12월,193807
48129,경상남도,진해구,'19.12월,193622
48170,경상남도,진주시,'19.12월,347334
48220,경상남도,통영시,'19.12월,131404
48240,경상남도,사천시,'19.12월,111925
48250,경상남도,김해시,'19.12월,542455
48270,경상남도,밀양시,'19.12월,105552
48310,경상남도,거제시,'19.12월,248276
48330,경상남도,양산시,'19.12월,350759
48720,경상남도,의령군,'19.12월,27168
48730,경상남도,함안군,'19.12월,65700
48740,경상남도,창녕군,'19.12월,62331
48820,경상남도,고성군,'19.12월,52276
48840,경상남도,남해군,'19.12월,43622
48850,경상남도,하동군,'19.12월,46574
48860,경상남도,산청군,'19.12월,35417
48870,경상남도,함양군,'19.12월,39637
48880,경상남도,거창군,'19.12월,62179
48890,경상남도,합천군,'19.12월,45204
50,제주특별자치도,전체,'19.12월,670989
50110,제주특별자치도,제주시,'19.12월,489405
50130,제주특별자치도,서귀포시,'19.12월,181584
0,전국,전체,'20.12월,51829023
11,서울특별시,전체,'20.12월,9668465
11110,서울특별시,종로구,'20.12월,149384
11140,서울특별시,중구,'20.12월,125240
11170,서울특별시,용산구,'20.12월,230040
11200,서울특별시,성동구,'20.12월,293556
11215,서울특별시,광진구,'20.12월,346682
11230,서울특별시,동대문구,'20.12월,342837
11260,서울특별시,중랑구,'20.12월,394702
11290,서울특별시,성북구,'20.12월,437153
11305,서울특별시,강북구,'20.12월,308055
11320,서울특별시,도봉구,'20.12월,325257
11350,서울특별시,노원구,'20.12월,523037
11380,서울특별시,은평구,'20.12월,479835
11410,서울특별시,서대문구,'20.12월,312173
11440,서울특별시,마포구,'20.12월,371890
11470,서울특별시,양천구,'20.12월,454251
11500,서울특별시,강서구,'20.12월,580185
11530,서울특별시,구로구,'20.12월,404408
11545,서울특별시,금천구,'20.12월,231733
11560,서울특별시,영등포구,'20.12월,379480
11590,서울특별시,동작구,'20.12월,391220
11620,서울특별시,관악구,'20.12월,495060
11650,서울특별시,서초구,'20.12월,425126
11680,서울특별시,강남구,'20.12월,539231
11710,서울특별시,송파구,'20.12월,667960
11740,서울특별시,강동구,'20.12월,459970
26,부산광역시,전체,'20.12월,3391946
26110,부산광역시,중구,'20.12월,41523
26140,부산광역시,서구,'20.12월,108135
26170,부산광역시,동구,'20.12월,88901
26200,부산광역시,영도구,'20.12월,113342
26230,부산광역시,부산진구,'20.12월,359886
26260,부산광역시,동래구,'20.12월,270745
26290,부산광역시,남구,'20.12월,267731
26320,부산광역시,북구,'20.12월,283952
26350,부산광역시,해운대구,'20.12월,402169
26380,부산광역시,사하구,'20.12월,311757
26410,부산광역시,금정구,'20.12월,232666
26440,부산광역시,강서구,'20.12월,137957
26470,부산광역시,연제구,'20.12월,209157
26500,부산광역시,수영구,'20.12월,176894
26530,부산광역시,사상구,'20.12월,212586
26710,부산광역시,기장군,'20.12월,174545
27,대구광역시,전체,'20.12월,2418346
27110,대구광역시,중구,'20.12월,76547
27140,대구광역시,동구,'20.12월,341920
27170,대구광역시,서구,'20.12월,170700
27200,대구광역시,남구,'20.12월,146632
27230,대구광역시,북구,'20.12월,440263
27260,대구광역시,수성구,'20.12월,424314
27290,대구광역시,달서구,'20.12월,558631
27710,대구광역시,달성군,'20.12월,259339
28,인천광역시,전체,'20.12월,2942828
28110,인천광역시,중구,'20.12월,139729
28140,인천광역시,동구,'20.12월,62542
28177,인천광역시,미추홀구,'20.12월,404343
28185,인천광역시,연수구,'20.12월,387450
28200,인천광역시,남동구,'20.12월,525354
28237,인천광역시,부평구,'20.12월,494962
28245,인천광역시,계양구,'20.12월,296750
28260,인천광역시,서구,'20.12월,542040
28710,인천광역시,강화군,'20.12월,69203
28720,인천광역시,옹진군,'20.12월,20455
29,광주광역시,전체,'20.12월,1450062
29110,광주광역시,동구,'20.12월,102897
29140,광주광역시,서구,'20.12월,296576
29155,광주광역시,남구,'20.12월,214579
29170,광주광역시,북구,'20.12월,430431
29200,광주광역시,광산구,'20.12월,405579
30,대전광역시,전체,'20.12월,1463882
30110,대전광역시,동구,'20.12월,223021
30140,대전광역시,중구,'20.12월,235550
30170,대전광역시,서구,'20.12월,477880
30200,대전광역시,유성구,'20.12월,351047
30230,대전광역시,대덕구,'20.12월,176384
31,울산광역시,전체,'20.12월,1136017
31110,울산광역시,중구,'20.12월,217595
31140,울산광역시,남구,'20.12월,320064
31170,울산광역시,동구,'20.12월,156806
31200,울산광역시,북구,'20.12월,219014
31710,울산광역시,울주군,'20.12월,222538
36,세종특별자치시,전체,'20.12월,355831
41,경기도,전체,'20.12월,13427014
41105,경기도,북부출장소,'20.12월,0
41110,경기도,수원시,'20.12월,1186078
41111,경기도,장안구,'20.12월,273661
41113,경기도,권선구,'20.12월,368645
41115,경기도,팔달구,'20.12월,174930
41117,경기도,영통구,'20.12월,368842
41130,경기도,성남시,'20.12월,940064
41131,경기도,수정구,'20.12월,241701
41133,경기도,중원구,'20.12월,216131
41135,경기도,분당구,'20.12월,482232
41150,경기도,의정부시,'20.12월,461710
41170,경기도,안양시,'20.12월,550027
41171,경기도,만안구,'20.12월,239413
41173,경기도,동안구,'20.12월,310614
41190,경기도,부천시,'20.12월,818383
41210,경기도,광명시,'20.12월,298599
41220,경기도,평택시,'20.12월,537307
41250,경기도,동두천시,'20.12월,94353
41270,경기도,안산시,'20.12월,654915
41271,경기도,상록구,'20.12월,351888
41273,경기도,단원구,'20.12월,303027
41280,경기도,고양시,'20.12월,1079216
41281,경기도,덕양구,'20.12월,476962
41285,경기도,일산동구,'20.12월,299716
41287,경기도,일산서구,'20.12월,302538
41290,경기도,과천시,'20.12월,63231
41310,경기도,구리시,'20.12월,197454
41360,경기도,남양주시,'20.12월,713321
41370,경기도,오산시,'20.12월,229725
41390,경기도,시흥시,'20.12월,500895
41410,경기도,군포시,'20.12월,273791
41430,경기도,의왕시,'20.12월,163795
41450,경기도,하남시,'20.12월,293452
41460,경기도,용인시,'20.12월,1074176
41461,경기도,처인구,'20.12월,257498
41463,경기도,기흥구,'20.12월,440835
41465,경기도,수지구,'20.12월,375843
41480,경기도,파주시,'20.12월,465617
41500,경기도,이천시,'20.12월,218388
41550,경기도,안성시,'20.12월,187012
41570,경기도,김포시,'20.12월,473970
41590,경기도,화성시,'20.12월,855248
41610,경기도,광주시,'20.12월,382054
41630,경기도,양주시,'20.12월,230359
41650,경기도,포천시,'20.12월,147274
41670,경기도,여주시,'20.12월,111897
41800,경기도,연천군,'20.12월,43516
41820,경기도,가평군,'20.12월,62377
41830,경기도,양평군,'20.12월,118810
42,강원도,전체,'20.12월,1542840
42105,강원도,동해출장소,'20.12월,0
42110,강원도,춘천시,'20.12월,282765
42130,강원도,원주시,'20.12월,354376
42150,강원도,강릉시,'20.12월,213321
42170,강원도,동해시,'20.12월,90593
42190,강원도,태백시,'20.12월,42719
42210,강원도,속초시,'20.12월,82665
42230,강원도,삼척시,'20.12월,65243
42720,강원도,홍천군,'20.12월,69242
42730,강원도,횡성군,'20.12월,46472
42750,강원도,영월군,'20.12월,38662
42760,강원도,평창군,'20.12월,41681
42770,강원도,정선군,'20.12월,36870
42780,강원도,철원군,'20.12월,44699
42790,강원도,화천군,'20.12월,24857
42800,강원도,양구군,'20.12월,22278
42810,강원도,인제군,'20.12월,31694
42820,강원도,고성군,'20.12월,26757
42830,강원도,양양군,'20.12월,27946
43,충청북도,전체,'20.12월,1600837
43110,충청북도,청주시,'20.12월,844993
43111,충청북도,상당구,'20.12월,190034
43112,충청북도,서원구,'20.12월,194720
43113,충청북도,흥덕구,'20.12월,265866
43114,충청북도,청원구,'20.12월,194373
43130,충청북도,충주시,'20.12월,210186
43150,충청북도,제천시,'20.12월,133018
43720,충청북도,보은군,'20.12월,32412
43730,충청북도,옥천군,'20.12월,50527
43740,충청북도,영동군,'20.12월,47475
43745,충청북도,증평군,'20.12월,36807
43750,충청북도,진천군,'20.12월,83718
43760,충청북도,괴산군,'20.12월,39393
43770,충청북도,음성군,'20.12월,93153
43800,충청북도,단양군,'20.12월,29155
44,충청남도,전체,'20.12월,2121029
44130,충청남도,천안시,'20.12월,658808
44131,충청남도,동남구,'20.12월,258009
44133,충청남도,서북구,'20.12월,400799
44150,충청남도,공주시,'20.12월,104545
44180,충청남도,보령시,'20.12월,100229
44200,충청남도,아산시,'20.12월,316129
44210,충청남도,서산시,'20.12월,175591
44230,충청남도,논산시,'20.12월,116675
44250,충청남도,계룡시,'20.12월,42822
44270,충청남도,당진시,'20.12월,166249
44710,충청남도,금산군,'20.12월,51413
44760,충청남도,부여군,'20.12월,65354
44770,충청남도,서천군,'20.12월,51866
44790,충청남도,청양군,'20.12월,30948
44800,충청남도,홍성군,'20.12월,100102
44810,충청남도,예산군,'20.12월,78084
44825,충청남도,태안군,'20.12월,62214
45,전라북도,전체,'20.12월,1804104
45110,전라북도,전주시,'20.12월,657432
45111,전라북도,완산구,'20.12월,339718
45113,전라북도,덕진구,'20.12월,317714
45130,전라북도,군산시,'20.12월,267859
45140,전라북도,익산시,'20.12월,282276
45180,전라북도,정읍시,'20.12월,108508
45190,전라북도,남원시,'20.12월,80662
45210,전라북도,김제시,'20.12월,82450
45710,전라북도,완주군,'20.12월,91609
45720,전라북도,진안군,'20.12월,25394
45730,전라북도,무주군,'20.12월,24036
45740,전라북도,장수군,'20.12월,22085
45750,전라북도,임실군,'20.12월,27314
45770,전라북도,순창군,'20.12월,27810
45790,전라북도,고창군,'20.12월,54529
45800,전라북도,부안군,'20.12월,52140
46,전라남도,전체,'20.12월,1851549
46110,전라남도,목포시,'20.12월,224044
46130,전라남도,여수시,'20.12월,280242
46150,전라남도,순천시,'20.12월,282189
46170,전라남도,나주시,'20.12월,115613
46230,전라남도,광양시,'20.12월,151769
46710,전라남도,담양군,'20.12월,46280
46720,전라남도,곡성군,'20.12월,28039
46730,전라남도,구례군,'20.12월,25719
46770,전라남도,고흥군,'20.12월,63922
46780,전라남도,보성군,'20.12월,40482
46790,전라남도,화순군,'20.12월,62522
46800,전라남도,장흥군,'20.12월,37800
46810,전라남도,강진군,'20.12월,34597
46820,전라남도,해남군,'20.12월,68806
46830,전라남도,영암군,'20.12월,53699
46840,전라남도,무안군,'20.12월,86132
46860,전라남도,함평군,'20.12월,32050
46870,전라남도,영광군,'20.12월,53099
46880,전라남도,장성군,'20.12월,44464
46890,전라남도,완도군,'20.12월,49916
46900,전라남도,진도군,'20.12월,31227
46910,전라남도,신안군,'20.12월,38938
47,경상북도,전체,'20.12월,2639422
47110,경상북도,포항시,'20.12월,502916
47111,경상북도,남구,'20.12월,230422
47113,경상북도,북구,'20.12월,272494
47130,경상북도,경주시,'20.12월,253502
47150,경상북도,김천시,'20.12월,140548
47170,경상북도,안동시,'20.12월,158907
47190,경상북도,구미시,'20.12월,416328
47210,경상북도,영주시,'20.12월,103119
47230,경상북도,영천시,'20.12월,102015
47250,경상북도,상주시,'20.12월,97228
47280,경상북도,문경시,'20.12월,71406
47290,경상북도,경산시,'20.12월,263728
47720,경상북도,군위군,'20.12월,23256
47730,경상북도,의성군,'20.12월,51724
47750,경상북도,청송군,'20.12월,25044
47760,경상북도,영양군,'20.12월,16692
47770,경상북도,영덕군,'20.12월,36313
47820,경상북도,청도군,'20.12월,42263
47830,경상북도,고령군,'20.12월,31361
47840,경상북도,성주군,'20.12월,43414
47850,경상북도,칠곡군,'20.12월,114758
47900,경상북도,예천군,'20.12월,55613
47920,경상북도,봉화군,'20.12월,31494
47930,경상북도,울진군,'20.12월,48716
47940,경상북도,울릉군,'20.12월,9077
48,경상남도,전체,'20.12월,3340216
48120,경상남도,창원시,'20.12월,1036738
48121,경상남도,의창구,'20.12월,262408
48123,경상남도,성산구,'20.12월,214570
48125,경상남도,마산합포구,'20.12월,175716
48127,경상남도,마산회원구,'20.12월,191289
48129,경상남도,진해구,'20.12월,192755
48170,경상남도,진주시,'20.12월,348096
48220,경상남도,통영시,'20.12월,128293
48240,경상남도,사천시,'20.12월,111105
48250,경상남도,김해시,'20.12월,542338
48270,경상남도,밀양시,'20.12월,104831
48310,경상남도,거제시,'20.12월,245754
48330,경상남도,양산시,'20.12월,352229
48720,경상남도,의령군,'20.12월,26800
48730,경상남도,함안군,'20.12월,64182
48740,경상남도,창녕군,'20.12월,61301
48820,경상남도,고성군,'20.12월,51361
48840,경상남도,남해군,'20.12월,42958
48850,경상남도,하동군,'20.12월,44785
48860,경상남도,산청군,'20.12월,34857
48870,경상남도,함양군,'20.12월,39080
48880,경상남도,거창군,'20.12월,61502
48890,경상남도,합천군,'20.12월,44006
50,제주특별자치도,전체,'20.12월,674635
50110,제주특별자치도,제주시,'20.12월,492466
50130,제주특별자치도,서귀포시,'20.12월,182169
0,전국,전체,'21.12월,51638809
11,서울특별시,전체,'21.12월,9509458
11110,서울특별시,종로구,'21.12월,144683
11140,서울특별시,중구,'21.12월,122499
11170,서울특별시,용산구,'21.12월,222953
11200,서울특별시,성동구,'21.12월,285990
11215,서울특별시,광진구,'21.12월,339996
11230,서울특별시,동대문구,'21.12월,337400
11260,서울특별시,중랑구,'21.12월,387350
11290,서울특별시,성북구,'21.12월,430528
11305,서울특별시,강북구,'21.12월,299182
11320,서울특별시,도봉구,'21.12월,317366
11350,서울특별시,노원구,'21.12월,510956
11380,서울특별시,은평구,'21.12월,473307
11410,서울특별시,서대문구,'21.12월,304819
11440,서울특별시,마포구,'21.12월,368905
11470,서울특별시,양천구,'21.12월,447302
11500,서울특별시,강서구,'21.12월,574315
11530,서울특별시,구로구,'21.12월,396754
11545,서울특별시,금천구,'21.12월,230811
11560,서울특별시,영등포구,'21.12월,376837
11590,서울특별시,동작구,'21.12월,385483
11620,서울특별시,관악구,'21.12월,485699
11650,서울특별시,서초구,'21.12월,412279
11680,서울특별시,강남구,'21.12월,533042
11710,서울특별시,송파구,'21.12월,658338
11740,서울특별시,강동구,'21.12월,462664
26,부산광역시,전체,'21.12월,3350380
26110,부산광역시,중구,'21.12월,40524
26140,부산광역시,서구,'21.12월,105164
26170,부산광역시,동구,'21.12월,87679
26200,부산광역시,영도구,'21.12월,110638
26230,부산광역시,부산진구,'21.12월,353159
26260,부산광역시,동래구,'21.12월,266866
26290,부산광역시,남구,'21.12월,262069
26320,부산광역시,북구,'21.12월,283211
26350,부산광역시,해운대구,'21.12월,396438
26380,부산광역시,사하구,'21.12월,306003
26410,부산광역시,금정구,'21.12월,228049
26440,부산광역시,강서구,'21.12월,142918
26470,부산광역시,연제구,'21.12월,207144
26500,부산광역시,수영구,'21.12월,175095
26530,부산광역시,사상구,'21.12월,208298
26710,부산광역시,기장군,'21.12월,177125
27,대구광역시,전체,'21.12월,2385412
27110,대구광역시,중구,'21.12월,74791
27140,대구광역시,동구,'21.12월,341436
27170,대구광역시,서구,'21.12월,164528
27200,대구광역시,남구,'21.12월,143175
27230,대구광역시,북구,'21.12월,437008
27260,대구광역시,수성구,'21.12월,417097
27290,대구광역시,달서구,'21.12월,544926
27710,대구광역시,달성군,'21.12월,262451
28,인천광역시,전체,'21.12월,2948375
28110,인천광역시,중구,'21.12월,143633
28140,인천광역시,동구,'21.12월,61486
28177,인천광역시,미추홀구,'21.12월,407464
28185,인천광역시,연수구,'21.12월,389644
28200,인천광역시,남동구,'21.12월,518272
28237,인천광역시,부평구,'21.12월,486765
28245,인천광역시,계양구,'21.12월,295696
28260,인천광역시,서구,'21.12월,555380
28710,인천광역시,강화군,'21.12월,69693
28720,인천광역시,옹진군,'21.12월,20342
29,광주광역시,전체,'21.12월,1441611
29110,광주광역시,동구,'21.12월,103470
29140,광주광역시,서구,'21.12월,291231
29155,광주광역시,남구,'21.12월,215575
29170,광주광역시,북구,'21.12월,427114
29200,광주광역시,광산구,'21.12월,404221
30,대전광역시,전체,'21.12월,1452251
30110,대전광역시,동구,'21.12월,222222
30140,대전광역시,중구,'21.12월,230341
30170,대전광역시,서구,'21.12월,473365
30200,대전광역시,유성구,'21.12월,351277
30230,대전광역시,대덕구,'21.12월,175046
31,울산광역시,전체,'21.12월,1121592
31110,울산광역시,중구,'21.12월,212883
31140,울산광역시,남구,'21.12월,313819
31170,울산광역시,동구,'21.12월,154096
31200,울산광역시,북구,'21.12월,218735
31710,울산광역시,울주군,'21.12월,222059
36,세종특별자치시,전체,'21.12월,371895
41,경기도,전체,'21.12월,13565450
41105,경기도,북부출장소,'21.12월,0
41110,경기도,수원시,'21.12월,1183714
41111,경기도,장안구,'21.12월,273835
41113,경기도,권선구,'21.12월,364136
41115,경기도,팔달구,'21.12월,182321
41117,경기도,영통구,'21.12월,363422
41130,경기도,성남시,'21.12월,930948
41131,경기도,수정구,'21.12월,235988
41133,경기도,중원구,'21.12월,210777
41135,경기도,분당구,'21.12월,484183
41150,경기도,의정부시,'21.12월,463661
41170,경기도,안양시,'21.12월,547178
41171,경기도,만안구,'21.12월,238311
41173,경기도,동안구,'21.12월,308867
41190,경기도,부천시,'21.12월,806067
41210,경기도,광명시,'21.12월,292893
41220,경기도,평택시,'21.12월,564288
41250,경기도,동두천시,'21.12월,93592
41270,경기도,안산시,'21.12월,652726
41271,경기도,상록구,'21.12월,350668
41273,경기도,단원구,'21.12월,302058
41280,경기도,고양시,'21.12월,1079353
41281,경기도,덕양구,'21.12월,482927
41285,경기도,일산동구,'21.12월,298873
41287,경기도,일산서구,'21.12월,297553
41290,경기도,과천시,'21.12월,73345
41310,경기도,구리시,'21.12월,191948
41360,경기도,남양주시,'21.12월,733798
41370,경기도,오산시,'21.12월,229983
41390,경기도,시흥시,'21.12월,512030
41410,경기도,군포시,'21.12월,268535
41430,경기도,의왕시,'21.12월,163356
41450,경기도,하남시,'21.12월,320087
41460,경기도,용인시,'21.12월,1077508
41461,경기도,처인구,'21.12월,260198
41463,경기도,기흥구,'21.12월,441742
41465,경기도,수지구,'21.12월,375568
41480,경기도,파주시,'21.12월,483245
41500,경기도,이천시,'21.12월,223177
41550,경기도,안성시,'21.12월,189534
41570,경기도,김포시,'21.12월,486508
41590,경기도,화성시,'21.12월,887015
41610,경기도,광주시,'21.12월,387289
41630,경기도,양주시,'21.12월,236368
41650,경기도,포천시,'21.12월,148939
41670,경기도,여주시,'21.12월,112150
41800,경기도,연천군,'21.12월,42721
41820,경기도,가평군,'21.12월,62264
41830,경기도,양평군,'21.12월,121230
42,강원도,전체,'21.12월,1538492
42105,강원도,동해출장소,'21.12월,0
42110,강원도,춘천시,'21.12월,284594
42130,강원도,원주시,'21.12월,357757
42150,강원도,강릉시,'21.12월,212965
42170,강원도,동해시,'21.12월,90081
42190,강원도,태백시,'21.12월,40844
42210,강원도,속초시,'21.12월,82791
42230,강원도,삼척시,'21.12월,63429
42720,강원도,홍천군,'21.12월,68365
42730,강원도,횡성군,'21.12월,46481
42750,강원도,영월군,'21.12월,37904
42760,강원도,평창군,'21.12월,40996
42770,강원도,정선군,'21.12월,35675
42780,강원도,철원군,'21.12월,43340
42790,강원도,화천군,'21.12월,24195
42800,강원도,양구군,'21.12월,21748
42810,강원도,인제군,'21.12월,32165
42820,강원도,고성군,'21.12월,27249
42830,강원도,양양군,'21.12월,27913
43,충청북도,전체,'21.12월,1597427
43110,충청북도,청주시,'21.12월,848482
43111,충청북도,상당구,'21.12월,193827
43112,충청북도,서원구,'21.12월,192899
43113,충청북도,흥덕구,'21.12월,267429
43114,충청북도,청원구,'21.12월,194327
43130,충청북도,충주시,'21.12월,209358
43150,충청북도,제천시,'21.12월,131591
43720,충청북도,보은군,'21.12월,31878
43730,충청북도,옥천군,'21.12월,50093
43740,충청북도,영동군,'21.12월,45773
43745,충청북도,증평군,'21.12월,36426
43750,충청북도,진천군,'21.12월,85176
43760,충청북도,괴산군,'21.12월,38122
43770,충청북도,음성군,'21.12월,92197
43800,충청북도,단양군,'21.12월,28331
44,충청남도,전체,'21.12월,2119257
44130,충청남도,천안시,'21.12월,658486
44131,충청남도,동남구,'21.12월,255292
44133,충청남도,서북구,'21.12월,403194
44150,충청남도,공주시,'21.12월,103145
44180,충청남도,보령시,'21.12월,98408
44200,충청남도,아산시,'21.12월,324580
44210,충청남도,서산시,'21.12월,176645
44230,충청남도,논산시,'21.12월,114483
44250,충청남도,계룡시,'21.12월,43331
44270,충청남도,당진시,'21.12월,167092
44710,충청남도,금산군,'21.12월,50477
44760,충청남도,부여군,'21.12월,63774
44770,충청남도,서천군,'21.12월,50745
44790,충청남도,청양군,'21.12월,30440
44800,충청남도,홍성군,'21.12월,99324
44810,충청남도,예산군,'21.12월,76801
44825,충청남도,태안군,'21.12월,61526
45,전라북도,전체,'21.12월,1786855
45110,전라북도,전주시,'21.12월,657269
45111,전라북도,완산구,'21.12월,335804
45113,전라북도,덕진구,'21.12월,321465
45130,전라북도,군산시,'21.12월,265304
45140,전라북도,익산시,'21.12월,278113
45180,전라북도,정읍시,'21.12월,106487
45190,전라북도,남원시,'21.12월,79431
45210,전라북도,김제시,'21.12월,80913
45710,전라북도,완주군,'21.12월,91142
45720,전라북도,진안군,'21.12월,24987
45730,전라북도,무주군,'21.12월,23748
45740,전라북도,장수군,'21.12월,21695
45750,전라북도,임실군,'21.12월,26730
45770,전라북도,순창군,'21.12월,26855
45790,전라북도,고창군,'21.12월,53386
45800,전라북도,부안군,'21.12월,50795
46,전라남도,전체,'21.12월,1832803
46110,전라남도,목포시,'21.12월,218589
46130,전라남도,여수시,'21.12월,276762
46150,전라남도,순천시,'21.12월,281436
46170,전라남도,나주시,'21.12월,116726
46230,전라남도,광양시,'21.12월,150531
46710,전라남도,담양군,'21.12월,46180
46720,전라남도,곡성군,'21.12월,27535
46730,전라남도,구례군,'21.12월,25235
46770,전라남도,고흥군,'21.12월,62762
46780,전라남도,보성군,'21.12월,39375
46790,전라남도,화순군,'21.12월,62624
46800,전라남도,장흥군,'21.12월,36547
46810,전라남도,강진군,'21.12월,33753
46820,전라남도,해남군,'21.12월,67166
46830,전라남도,영암군,'21.12월,52937
46840,전라남도,무안군,'21.12월,91107
46860,전라남도,함평군,'21.12월,31274
46870,전라남도,영광군,'21.12월,51985
46880,전라남도,장성군,'21.12월,43365
46890,전라남도,완도군,'21.12월,48631
46900,전라남도,진도군,'21.12월,30066
46910,전라남도,신안군,'21.12월,38217
47,경상북도,전체,'21.12월,2626609
47110,경상북도,포항시,'21.12월,503852
47111,경상북도,남구,'21.12월,230801
47113,경상북도,북구,'21.12월,273051
47130,경상북도,경주시,'21.12월,251889
47150,경상북도,김천시,'21.12월,140239
47170,경상북도,안동시,'21.12월,156972
47190,경상북도,구미시,'21.12월,412581
47210,경상북도,영주시,'21.12월,101942
47230,경상북도,영천시,'21.12월,101888
47250,경상북도,상주시,'21.12월,95566
47280,경상북도,문경시,'21.12월,71154
47290,경상북도,경산시,'21.12월,268369
47720,경상북도,군위군,'21.12월,22945
47730,경상북도,의성군,'21.12월,50632
47750,경상북도,청송군,'21.12월,24539
47760,경상북도,영양군,'21.12월,16320
47770,경상북도,영덕군,'21.12월,35314
47820,경상북도,청도군,'21.12월,41891
47830,경상북도,고령군,'21.12월,30626
47840,경상북도,성주군,'21.12월,42842
47850,경상북도,칠곡군,'21.12월,113822
47900,경상북도,예천군,'21.12월,55739
47920,경상북도,봉화군,'21.12월,30762
47930,경상북도,울진군,'21.12월,47858
47940,경상북도,울릉군,'21.12월,8867
48,경상남도,전체,'21.12월,3314183
48120,경상남도,창원시,'21.12월,1032741
48121,경상남도,의창구,'21.12월,218027
48123,경상남도,성산구,'21.12월,251562
48125,경상남도,마산합포구,'21.12월,181322
48127,경상남도,마산회원구,'21.12월,186881
48129,경상남도,진해구,'21.12월,194949
48170,경상남도,진주시,'21.12월,347097
48220,경상남도,통영시,'21.12월,125383
48240,경상남도,사천시,'21.12월,109953
48250,경상남도,김해시,'21.12월,537673
48270,경상남도,밀양시,'21.12월,103525
48310,경상남도,거제시,'21.12월,241216
48330,경상남도,양산시,'21.12월,354726
48720,경상남도,의령군,'21.12월,26322
48730,경상남도,함안군,'21.12월,62547
48740,경상남도,창녕군,'21.12월,60129
48820,경상남도,고성군,'21.12월,50478
48840,경상남도,남해군,'21.12월,42266
48850,경상남도,하동군,'21.12월,43449
48860,경상남도,산청군,'21.12월,34360
48870,경상남도,함양군,'21.12월,38310
48880,경상남도,거창군,'21.12월,61073
48890,경상남도,합천군,'21.12월,42935
50,제주특별자치도,전체,'21.12월,676759
50110,제주특별자치도,제주시,'21.12월,493096
50130,제주특별자치도,서귀포시,'21.12월,183663
0,전국,전체,'22.12월,51439038
11,서울특별시,전체,'22.12월,9428372
11110,서울특별시,종로구,'22.12월,141379
11140,서울특별시,중구,'22.12월,120437
11170,서울특별시,용산구,'22.12월,218650
11200,서울특별시,성동구,'22.12월,281000
11215,서울특별시,광진구,'22.12월,337416
11230,서울특별시,동대문구,'22.12월,336644
11260,서울특별시,중랑구,'22.12월,385318
11290,서울특별시,성북구,'22.12월,430397
11305,서울특별시,강북구,'22.12월,293660
11320,서울특별시,도봉구,'22.12월,311694
11350,서울특별시,노원구,'22.12월,503734
11380,서울특별시,은평구,'22.12월,466746
11410,서울특별시,서대문구,'22.12월,306337
11440,서울특별시,마포구,'22.12월,364638
11470,서울특별시,양천구,'22.12월,440881
11500,서울특별시,강서구,'22.12월,569166
11530,서울특별시,구로구,'22.12월,395315
11545,서울특별시,금천구,'22.12월,229642
11560,서울특별시,영등포구,'22.12월,375675
11590,서울특별시,동작구,'22.12월,380596
11620,서울특별시,관악구,'22.12월,486752
11650,서울특별시,서초구,'22.12월,404325
11680,서울특별시,강남구,'22.12월,529102
11710,서울특별시,송파구,'22.12월,658801
11740,서울특별시,강동구,'22.12월,460067
26,부산광역시,전체,'22.12월,3317812
26110,부산광역시,중구,'22.12월,39689
26140,부산광역시,서구,'22.12월,105192
26170,부산광역시,동구,'22.12월,86462
26200,부산광역시,영도구,'22.12월,108156
26230,부산광역시,부산진구,'22.12월,355917
26260,부산광역시,동래구,'22.12월,273226
26290,부산광역시,남구,'22.12월,256333
26320,부산광역시,북구,'22.12월,278857
26350,부산광역시,해운대구,'22.12월,386785
26380,부산광역시,사하구,'22.12월,301987
26410,부산광역시,금정구,'22.12월,221256
26440,부산광역시,강서구,'22.12월,143207
26470,부산광역시,연제구,'22.12월,203536
26500,부산광역시,수영구,'22.12월,174806
26530,부산광역시,사상구,'22.12월,203789
26710,부산광역시,기장군,'22.12월,178614
27,대구광역시,전체,'22.12월,2363691
27110,대구광역시,중구,'22.12월,80199
27140,대구광역시,동구,'22.12월,339530
27170,대구광역시,서구,'22.12월,159827
27200,대구광역시,남구,'22.12월,141519
27230,대구광역시,북구,'22.12월,430912
27260,대구광역시,수성구,'22.12월,411553
27290,대구광역시,달서구,'22.12월,536989
27710,대구광역시,달성군,'22.12월,263162
28,인천광역시,전체,'22.12월,2967314
28110,인천광역시,중구,'22.12월,152931
28140,인천광역시,동구,'22.12월,58999
28177,인천광역시,미추홀구,'22.12월,406004
28185,인천광역시,연수구,'22.12월,385796
28200,인천광역시,남동구,'22.12월,506181
28237,인천광역시,부평구,'22.12월,489118
28245,인천광역시,계양구,'22.12월,288856
28260,인천광역시,서구,'22.12월,589013
28710,인천광역시,강화군,'22.12월,69803
28720,인천광역시,옹진군,'22.12월,20613
29,광주광역시,전체,'22.12월,1431050
29110,광주광역시,동구,'22.12월,105909
29140,광주광역시,서구,'22.12월,287401
29155,광주광역시,남구,'22.12월,212379
29170,광주광역시,북구,'22.12월,424707
29200,광주광역시,광산구,'22.12월,400654
30,대전광역시,전체,'22.12월,1446072
30110,대전광역시,동구,'22.12월,219751
30140,대전광역시,중구,'22.12월,227108
30170,대전광역시,서구,'22.12월,470374
30200,대전광역시,유성구,'22.12월,356093
30230,대전광역시,대덕구,'22.12월,172746
31,울산광역시,전체,'22.12월,1110663
31110,울산광역시,중구,'22.12월,208132
31140,울산광역시,남구,'22.12월,310638
31170,울산광역시,동구,'22.12월,151711
31200,울산광역시,북구,'22.12월,218670
31710,울산광역시,울주군,'22.12월,221512
36,세종특별자치시,전체,'22.12월,383591
41,경기도,전체,'22.12월,13589432
41105,경기도,북부출장소,'22.12월,0
41110,경기도,수원시,'22.12월,1190964
41111,경기도,장안구,'22.12월,270524
41113,경기도,권선구,'22.12월,367446
41115,경기도,팔달구,'22.12월,192610
41117,경기도,영통구,'22.12월,360384
41130,경기도,성남시,'22.12월,922518
41131,경기도,수정구,'22.12월,230460
41133,경기도,중원구,'22.12월,210505
41135,경기도,분당구,'22.12월,481553
41150,경기도,의정부시,'22.12월,463724
41170,경기도,안양시,'22.12월,548228
41171,경기도,만안구,'22.12월,234394
41173,경기도,동안구,'22.12월,313834
41190,경기도,부천시,'22.12월,790128
41210,경기도,광명시,'22.12월,287945
41220,경기도,평택시,'22.12월,578529
41250,경기도,동두천시,'22.12월,91546
41270,경기도,안산시,'22.12월,641660
41271,경기도,상록구,'22.12월,344664
41273,경기도,단원구,'22.12월,296996
41280,경기도,고양시,'22.12월,1076535
41281,경기도,덕양구,'22.12월,490088
41285,경기도,일산동구,'22.12월,296122
41287,경기도,일산서구,'22.12월,290325
41290,경기도,과천시,'22.12월,78137
41310,경기도,구리시,'22.12월,188701
41360,경기도,남양주시,'22.12월,737353
41370,경기도,오산시,'22.12월,229849
41390,경기도,시흥시,'22.12월,512912
41410,경기도,군포시,'22.12월,266213
41430,경기도,의왕시,'22.12월,160221
41450,경기도,하남시,'22.12월,326059
41460,경기도,용인시,'22.12월,1074971
41461,경기도,처인구,'22.12월,259288
41463,경기도,기흥구,'22.12월,438235
41465,경기도,수지구,'22.12월,377448
41480,경기도,파주시,'22.12월,495315
41500,경기도,이천시,'22.12월,222721
41550,경기도,안성시,'22.12월,188842
41570,경기도,김포시,'22.12월,484267
41590,경기도,화성시,'22.12월,910814
41610,경기도,광주시,'22.12월,391462
41630,경기도,양주시,'22.12월,243432
41650,경기도,포천시,'22.12월,146701
41670,경기도,여주시,'22.12월,113150
41800,경기도,연천군,'22.12월,42062
41820,경기도,가평군,'22.12월,62150
41830,경기도,양평군,'22.12월,122323
42,강원도,전체,'22.12월,1536498
42105,강원도,동해출장소,'22.12월,0
42110,강원도,춘천시,'22.12월,286664
42130,강원도,원주시,'22.12월,360807
42150,강원도,강릉시,'22.12월,211381
42170,강원도,동해시,'22.12월,89426
42190,강원도,태백시,'22.12월,39428
42210,강원도,속초시,'22.12월,82806
42230,강원도,삼척시,'22.12월,63455
42720,강원도,홍천군,'22.12월,67977
42730,강원도,횡성군,'22.12월,46532
42750,강원도,영월군,'22.12월,37728
42760,강원도,평창군,'22.12월,40990
42770,강원도,정선군,'22.12월,34931
42780,강원도,철원군,'22.12월,42256
42790,강원도,화천군,'22.12월,23388
42800,강원도,양구군,'22.12월,21383
42810,강원도,인제군,'22.12월,32206
42820,강원도,고성군,'22.12월,27274
42830,강원도,양양군,'22.12월,27866
43,충청북도,전체,'22.12월,1595058
43110,충청북도,청주시,'22.12월,849573
43111,충청북도,상당구,'22.12월,196425
43112,충청북도,서원구,'22.12월,191273
43113,충청북도,흥덕구,'22.12월,268051
43114,충청북도,청원구,'22.12월,193824
43130,충청북도,충주시,'22.12월,208277
43150,충청북도,제천시,'22.12월,130988
43720,충청북도,보은군,'22.12월,31455
43730,충청북도,옥천군,'22.12월,49520
43740,충청북도,영동군,'22.12월,44956
43745,충청북도,증평군,'22.12월,37262
43750,충청북도,진천군,'22.12월,86147
43760,충청북도,괴산군,'22.12월,37055
43770,충청북도,음성군,'22.12월,92058
43800,충청북도,단양군,'22.12월,27767
44,충청남도,전체,'22.12월,2123037
44130,충청남도,천안시,'22.12월,657559
44131,충청남도,동남구,'22.12월,255647
44133,충청남도,서북구,'22.12월,401912
44150,충청남도,공주시,'22.12월,102571
44180,충청남도,보령시,'22.12월,97157
44200,충청남도,아산시,'22.12월,334539
44210,충청남도,서산시,'22.12월,176413
44230,충청남도,논산시,'22.12월,112617
44250,충청남도,계룡시,'22.12월,44475
44270,충청남도,당진시,'22.12월,168253
44710,충청남도,금산군,'22.12월,50092
44760,충청남도,부여군,'22.12월,62343
44770,충청남도,서천군,'22.12월,49964
44790,충청남도,청양군,'22.12월,30266
44800,충청남도,홍성군,'22.12월,98068
44810,충청남도,예산군,'22.12월,77385
44825,충청남도,태안군,'22.12월,61335
45,전라북도,전체,'22.12월,1769607
45110,전라북도,전주시,'22.12월,651495
45111,전라북도,완산구,'22.12월,332573
45113,전라북도,덕진구,'22.12월,318922
45130,전라북도,군산시,'22.12월,262467
45140,전라북도,익산시,'22.12월,273697
45180,전라북도,정읍시,'22.12월,105081
45190,전라북도,남원시,'22.12월,77948
45210,전라북도,김제시,'22.12월,81455
45710,전라북도,완주군,'22.12월,92422
45720,전라북도,진안군,'22.12월,24550
45730,전라북도,무주군,'22.12월,23489
45740,전라북도,장수군,'22.12월,21336
45750,전라북도,임실군,'22.12월,26508
45770,전라북도,순창군,'22.12월,26727
45790,전라북도,고창군,'22.12월,52338
45800,전라북도,부안군,'22.12월,50094
46,전라남도,전체,'22.12월,1817697
46110,전라남도,목포시,'22.12월,216939
46130,전라남도,여수시,'22.12월,274765
46150,전라남도,순천시,'22.12월,278737
46170,전라남도,나주시,'22.12월,116456
46230,전라남도,광양시,'22.12월,152168
46710,전라남도,담양군,'22.12월,45792
46720,전라남도,곡성군,'22.12월,27060
46730,전라남도,구례군,'22.12월,24655
46770,전라남도,고흥군,'22.12월,61880
46780,전라남도,보성군,'22.12월,38471
46790,전라남도,화순군,'22.12월,62024
46800,전라남도,장흥군,'22.12월,35650
46810,전라남도,강진군,'22.12월,33177
46820,전라남도,해남군,'22.12월,65831
46830,전라남도,영암군,'22.12월,52395
46840,전라남도,무안군,'22.12월,90608
46860,전라남도,함평군,'22.12월,30784
46870,전라남도,영광군,'22.12월,52197
46880,전라남도,장성군,'22.12월,43146
46890,전라남도,완도군,'22.12월,47597
46900,전라남도,진도군,'22.12월,29507
46910,전라남도,신안군,'22.12월,37858
47,경상북도,전체,'22.12월,2600492
47110,경상북도,포항시,'22.12월,496650
47111,경상북도,남구,'22.12월,227486
47113,경상북도,북구,'22.12월,269164
47130,경상북도,경주시,'22.12월,249607
47150,경상북도,김천시,'22.12월,139324
47170,경상북도,안동시,'22.12월,154610
47190,경상북도,구미시,'22.12월,408110
47210,경상북도,영주시,'22.12월,100749
47230,경상북도,영천시,'22.12월,101088
47250,경상북도,상주시,'22.12월,94823
47280,경상북도,문경시,'22.12월,70373
47290,경상북도,경산시,'22.12월,267725
47720,경상북도,군위군,'22.12월,23340
47730,경상북도,의성군,'22.12월,50186
47750,경상북도,청송군,'22.12월,24295
47760,경상북도,영양군,'22.12월,16022
47770,경상북도,영덕군,'22.12월,34650
47820,경상북도,청도군,'22.12월,41614
47830,경상북도,고령군,'22.12월,30353
47840,경상북도,성주군,'22.12월,42566
47850,경상북도,칠곡군,'22.12월,112487
47900,경상북도,예천군,'22.12월,55755
47920,경상북도,봉화군,'22.12월,30139
47930,경상북도,울진군,'22.12월,47030
47940,경상북도,울릉군,'22.12월,8996
48,경상남도,전체,'22.12월,3280493
48120,경상남도,창원시,'22.12월,1021487
48121,경상남도,의창구,'22.12월,215823
48123,경상남도,성산구,'22.12월,248512
48125,경상남도,마산합포구,'22.12월,179496
48127,경상남도,마산회원구,'22.12월,183662
48129,경상남도,진해구,'22.12월,193994
48170,경상남도,진주시,'22.12월,343782
48220,경상남도,통영시,'22.12월,122681
48240,경상남도,사천시,'22.12월,109369
48250,경상남도,김해시,'22.12월,535129
48270,경상남도,밀양시,'22.12월,102945
48310,경상남도,거제시,'22.12월,236662
48330,경상남도,양산시,'22.12월,353792
48720,경상남도,의령군,'22.12월,26061
48730,경상남도,함안군,'22.12월,61456
48740,경상남도,창녕군,'22.12월,58372
48820,경상남도,고성군,'22.12월,50448
48840,경상남도,남해군,'22.12월,41579
48850,경상남도,하동군,'22.12월,42465
48860,경상남도,산청군,'22.12월,34028
48870,경상남도,함양군,'22.12월,37708
48880,경상남도,거창군,'22.12월,60387
48890,경상남도,합천군,'22.12월,42142
50,제주특별자치도,전체,'22.12월,678159
50110,제주특별자치도,제주시,'22.12월,493389
50130,제주특별자치도,서귀포시,'22.12월,184770
